{
  "sequences": [
    "ACFCSSDK"
  ],
  "metrics": {
    "con": -2.1420370899249974e-07,
    "exp_res": 0.28218939900398254,
    "helix": 1.8173965215682983,
    "pae": 0.13488729298114777,
    "plddt": 0.7655511498451233,
    "seq_ent": 0.0014822946395725012,
    "loss": 0.36933600902557373,
    "ptm": 0.049885451793670654,
    "hard": 1.0,
    "soft": 1.0,
    "temp": 0.01,
    "recycles": 0,
    "models": [
      0,
      1,
      2,
      3,
      4
    ]
  },
  "metadata": {
    "length": 8,
    "config": {
      "rm_aa": "C",
      "offset_type": 2,
      "add_rg": false,
      "rg_weight": 0.1,
      "num_recycles": 0,
      "soft_iters": 20,
      "stage_iters": [
        20,
        20,
        5
      ],
      "contact_cutoff": 21.6875,
      "loss_weights": {
        "pae": 1,
        "plddt": 1,
        "con": 0.5
      }
    },
    "protocol": "hallucination",
    "device": {
      "backend": "gpu",
      "using_gpu": true,
      "devices": [
        {
          "id": 0,
          "platform": "gpu",
          "device_kind": "NVIDIA A100-PCIE-40GB"
        }
      ]
    }
  },
  "pdb_file": "/tmp/test_gpu_8mer.pdb"
}